{
  "position": [
    -0.12260584731099623,
    -0.5386347244012247,
    0.9320891470885048
  ],
  "wxyz": [
    -0.2963122885159127,
    0.9542462206327916,
    -0.038357667041138827,
    0.0119108128042196
  ]
}